{
  "20": {
    "a": 20,
    "prime_factor": 5,
    "factorization": "2^2 \u00d7 5^1",
    "scales_tested": [
      1,
      2,
      3,
      4,
      5,
      6,
      7,
      8,
      9,
      10,
      11,
      12,
      13,
      14,
      15,
      16,
      17,
      18,
      19,
      20,
      21,
      22,
      23,
      24,
      25,
      26,
      27,
      28,
      29,
      30,
      31,
      32,
      33,
      34,
      35,
      36,
      37,
      38,
      39,
      40,
      41,
      42,
      43,
      44,
      45,
      46,
      47,
      48,
      49,
      50,
      51,
      52,
      53,
      54,
      55,
      56,
      57,
      58,
      59,
      60,
      61,
      62,
      63,
      64,
      65,
      66,
      67,
      68,
      69,
      70,
      71,
      72,
      73,
      74,
      75,
      76,
      77,
      78,
      79,
      80,
      81,
      82,
      83,
      84,
      85,
      86,
      87,
      88,
      89,
      90,
      91,
      92,
      93,
      94,
      95,
      96,
      97,
      98,
      99,
      100
    ],
    "performance_metrics": {
      "mean_steps": 163.48214285714286,
      "median_steps": 176.0,
      "min_steps": 9,
      "max_steps": 304,
      "efficiency_ratio": 0.26785714285714285
    },
    "modular_properties": {
      "mod_4": 0,
      "mod_8": 4,
      "mod_16": 4,
      "mod_32": 20
    },
    "algebraic_properties": {
      "is_multiple_of_4": true,
      "prime_factors": 1,
      "has_prime_7": false,
      "total_factors": 2
    }
  },
  "24": {
    "a": 24,
    "prime_factor": 6,
    "factorization": "2^3 \u00d7 3^1",
    "scales_tested": [
      1,
      2,
      3,
      4,
      5,
      6,
      7,
      8,
      9,
      10,
      11,
      12,
      13,
      14,
      15,
      16,
      17,
      18,
      19,
      20,
      21,
      22,
      23,
      24,
      25,
      26,
      27,
      28,
      29,
      30,
      31,
      32,
      33,
      34,
      35,
      36,
      37,
      38,
      39,
      40,
      41,
      42,
      43,
      44,
      45,
      46,
      47,
      48,
      49,
      50,
      51,
      52,
      53,
      54,
      55,
      56,
      57,
      58,
      59,
      60,
      61,
      62,
      63,
      64,
      65,
      66,
      67,
      68,
      69,
      70,
      71,
      72,
      73,
      74,
      75,
      76,
      77,
      78,
      79,
      80,
      81,
      82,
      83,
      84,
      85,
      86,
      87,
      88,
      89,
      90,
      91,
      92,
      93,
      94,
      95,
      96,
      97,
      98,
      99,
      100
    ],
    "performance_metrics": {
      "mean_steps": 130.07142857142858,
      "median_steps": 120.0,
      "min_steps": 25,
      "max_steps": 250,
      "efficiency_ratio": 0.39285714285714285
    },
    "modular_properties": {
      "mod_4": 0,
      "mod_8": 0,
      "mod_16": 8,
      "mod_32": 24
    },
    "algebraic_properties": {
      "is_multiple_of_4": true,
      "prime_factors": 1,
      "has_prime_7": false,
      "total_factors": 2
    }
  },
  "28": {
    "a": 28,
    "prime_factor": 7,
    "factorization": "2^2 \u00d7 7^1",
    "scales_tested": [
      1,
      2,
      3,
      4,
      5,
      6,
      7,
      8,
      9,
      10,
      11,
      12,
      13,
      14,
      15,
      16,
      17,
      18,
      19,
      20,
      21,
      22,
      23,
      24,
      25,
      26,
      27,
      28,
      29,
      30,
      31,
      32,
      33,
      34,
      35,
      36,
      37,
      38,
      39,
      40,
      41,
      42,
      43,
      44,
      45,
      46,
      47,
      48,
      49,
      50,
      51,
      52,
      53,
      54,
      55,
      56,
      57,
      58,
      59,
      60,
      61,
      62,
      63,
      64,
      65,
      66,
      67,
      68,
      69,
      70,
      71,
      72,
      73,
      74,
      75,
      76,
      77,
      78,
      79,
      80,
      81,
      82,
      83,
      84,
      85,
      86,
      87,
      88,
      89,
      90,
      91,
      92,
      93,
      94,
      95,
      96,
      97,
      98,
      99,
      100
    ],
    "performance_metrics": {
      "mean_steps": 128.57142857142858,
      "median_steps": 118.0,
      "min_steps": 12,
      "max_steps": 210,
      "efficiency_ratio": 0.30357142857142855
    },
    "modular_properties": {
      "mod_4": 0,
      "mod_8": 4,
      "mod_16": 12,
      "mod_32": 28
    },
    "algebraic_properties": {
      "is_multiple_of_4": true,
      "prime_factors": 1,
      "has_prime_7": true,
      "total_factors": 2
    }
  },
  "32": {
    "a": 32,
    "prime_factor": 8,
    "factorization": "2^5",
    "scales_tested": [
      1,
      2,
      3,
      4,
      5,
      6,
      7,
      8,
      9,
      10,
      11,
      12,
      13,
      14,
      15,
      16,
      17,
      18,
      19,
      20,
      21,
      22,
      23,
      24,
      25,
      26,
      27,
      28,
      29,
      30,
      31,
      32,
      33,
      34,
      35,
      36,
      37,
      38,
      39,
      40,
      41,
      42,
      43,
      44,
      45,
      46,
      47,
      48,
      49,
      50,
      51,
      52,
      53,
      54,
      55,
      56,
      57,
      58,
      59,
      60,
      61,
      62,
      63,
      64,
      65,
      66,
      67,
      68,
      69,
      70,
      71,
      72,
      73,
      74,
      75,
      76,
      77,
      78,
      79,
      80,
      81,
      82,
      83,
      84,
      85,
      86,
      87,
      88,
      89,
      90,
      91,
      92,
      93,
      94,
      95,
      96,
      97,
      98,
      99,
      100
    ],
    "performance_metrics": {
      "mean_steps": 133.07142857142858,
      "median_steps": 123.0,
      "min_steps": 28,
      "max_steps": 253,
      "efficiency_ratio": 0.25
    },
    "modular_properties": {
      "mod_4": 0,
      "mod_8": 0,
      "mod_16": 0,
      "mod_32": 0
    },
    "algebraic_properties": {
      "is_multiple_of_4": true,
      "prime_factors": 0,
      "has_prime_7": false,
      "total_factors": 1
    }
  },
  "36": {
    "a": 36,
    "prime_factor": 9,
    "factorization": "2^2 \u00d7 3^2",
    "scales_tested": [
      1,
      2,
      3,
      4,
      5,
      6,
      7,
      8,
      9,
      10,
      11,
      12,
      13,
      14,
      15,
      16,
      17,
      18,
      19,
      20,
      21,
      22,
      23,
      24,
      25,
      26,
      27,
      28,
      29,
      30,
      31,
      32,
      33,
      34,
      35,
      36,
      37,
      38,
      39,
      40,
      41,
      42,
      43,
      44,
      45,
      46,
      47,
      48,
      49,
      50,
      51,
      52,
      53,
      54,
      55,
      56,
      57,
      58,
      59,
      60,
      61,
      62,
      63,
      64,
      65,
      66,
      67,
      68,
      69,
      70,
      71,
      72,
      73,
      74,
      75,
      76,
      77,
      78,
      79,
      80,
      81,
      82,
      83,
      84,
      85,
      86,
      87,
      88,
      89,
      90,
      91,
      92,
      93,
      94,
      95,
      96,
      97,
      98,
      99,
      100
    ],
    "performance_metrics": {
      "mean_steps": 132.5,
      "median_steps": 151.0,
      "min_steps": 23,
      "max_steps": 248,
      "efficiency_ratio": 0.375
    },
    "modular_properties": {
      "mod_4": 0,
      "mod_8": 4,
      "mod_16": 4,
      "mod_32": 4
    },
    "algebraic_properties": {
      "is_multiple_of_4": true,
      "prime_factors": 0,
      "has_prime_7": false,
      "total_factors": 2
    }
  },
  "40": {
    "a": 40,
    "prime_factor": 10,
    "factorization": "2^3 \u00d7 5^1",